[{"id":"c2dd25ab-7f3d-472a-96d2-1372415737b2","desc":"Tarea 2...","completadoEn":"2023-01-13T15:56:11.497Z"},{"id":"26bc2d3f-d80e-4840-9cae-238c3641388c","desc":"Tarea 9","completadoEn":"2023-01-14T03:47:38.176Z"},{"id":"905951d3-151f-4621-972b-0cf3ab610533","desc":"Estudiar Node","completadoEn":null},{"id":"67d7e152-9ee1-4d32-b40f-134e73dfc510","desc":"Instalar Postman","completadoEn":null},{"id":"d4d5db21-f633-4dde-84e5-45708ea5dc6b","desc":"Repasar Node...","completadoEn":"2024-07-07T23:23:44.015Z"},{"id":"d92e7287-b0bc-40ff-a05f-d01cda4acc3b","desc":"Tarea importante","completadoEn":null},{"id":"0d78ea37-a1ca-49a9-bdba-63d0cba03116","desc":"Ver mañana el partido...!!!","completadoEn":null},{"id":"87fe184d-61de-4624-9524-a0019f4e54a4","desc":"Estudiar JS y repasar...","completadoEn":null}]